,id,Character_Name,Events,Comics,Series,Stories
0,1011334,3-D Man,12,3,21,1
1,1017100,A-Bomb (HAS),4,2,7,0
2,1009144,A.I.M.,51,34,54,0
3,1010699,Aaron Stack,14,3,27,0
4,1009146,Abomination (Emil Blonsky),55,27,65,1
5,1016823,Abomination (Ultimate),2,2,3,0
6,1009148,Absorbing Man,96,48,109,4
7,1009149,Abyss,8,3,8,1
8,1010903,Abyss (Age of Apocalypse),3,3,2,1
9,1011266,Adam Destine,0,0,0,0
10,1010354,Adam Warlock,188,82,217,8
11,1010846,Aegis (Trey Rollins),0,0,0,0
12,1017851,Aero (Aero),29,5,29,0
13,1012717,Agatha Harkness,20,10,24,0
14,1011297,Agent Brand,29,7,33,0
15,1011031,Agent X (Nijo),18,3,23,0
16,1009150,Agent Zero,29,10,31,0
17,1011198,Agents of Atlas,45,13,52,1
18,1011175,Aginar,0,0,0,0
19,1011136,Air-Walker (Gabriel Lan),4,3,3,1
20,1011176,Ajak,4,1,8,1
21,1010870,Ajaxis,0,0,0,0
22,1011194,Akemi,0,0,0,0
23,1011170,Alain,0,0,0,0
24,1009240,Albert Cleary,0,0,0,0
25,1011120,Albion,1,1,1,0
26,1010836,Alex Power,18,6,25,0
27,1010755,Alex Wilder,9,4,9,0
28,1011214,Alexa Mendez,0,0,0,0
29,1009497,Alexander Pierce,1,1,1,0
30,1014990,Alice,0,0,0,0
31,1009435,Alicia Masters,60,20,84,2
32,1010370,Alpha Flight,208,40,378,7
33,1011324,Alpha Flight (Ultimate),2,1,4,0
34,1011164,Alvin Maker,0,0,0,0
35,1011227,Amadeus Cho,149,34,176,5
36,1009567,Amanda Sefton,0,0,0,0
37,1011382,Amazoness,0,0,0,0
38,1011361,American Eagle (Jason Strongbow),6,2,6,0
39,1009151,Amiko,12,3,12,1
40,1010672,Amora,8,3,8,0
41,1010673,Amphibian (Earth-712),4,3,3,0
42,1010905,Amun,0,0,0,0
43,1009152,Ancient One,30,11,34,2
44,1016824,Ancient One (Ultimate),2,2,1,0
45,1011684,Angel (Angel Salvadore),5,4,3,0
46,1011396,Angel (Thomas Halloway),10,5,9,0
47,1011338,Angel (Ultimate),19,3,32,0
48,1009153,Angel (Warren Worthington III),114,45,120,5
49,1017574,Angela (Aldrif Odinsdottir),37,15,37,1
50,1010674,Anita Blake,9,1,49,0
51,1009346,Anne Marie Hoag,0,0,0,0
52,1009154,Annihilus,66,31,83,1
53,1011301,Anole,5,4,5,0
54,1010802,Ant-Man (Eric O'Grady),44,14,43,7
55,1009155,Ant-Man (Hank Pym),41,28,44,1
56,1010801,Ant-Man (Scott Lang),120,52,142,2
57,1011208,Anthem,11,2,20,1
58,1009156,Apocalypse,126,58,126,6
59,1011253,Apocalypse (Ultimate),3,1,6,0
60,1010866,Aqueduct,0,0,0,0
61,1010773,Arachne,6,2,8,1
62,1017438,Ara√±a,22,8,20,0
63,1009158,Arcade,28,19,29,2
64,1010686,Arcana,2,2,1,0
65,1009159,Archangel,562,139,622,20
66,1009160,Arclight,14,5,14,3
67,1010784,Ares,64,31,75,5
68,1011275,Argent,0,0,0,0
69,1011012,Armadillo,1,1,2,0
70,1011298,Armor (Hisako Ichiki),29,12,29,0
71,1010827,Armory,1,1,2,1
72,1009740,Arnim Zola,23,10,25,2
73,1010748,Arsenic,0,0,0,0
74,1009161,Artiee,0,0,0,0
75,1010718,Asgardian,0,0,0,0
76,1009162,Askew-Tronics,0,0,0,0
77,1010835,Asylum,0,0,0,0
78,1010336,Atlas (Team),8,5,6,0
79,1011758,Attuma,37,22,44,1
80,1009163,Aurora,82,18,94,4
81,1009164,Avalanche,47,20,54,7
82,1009165,Avengers,2037,624,2868,33
83,1015239,Avengers (Ultimate),39,11,33,0
84,1011766,Azazel (Mutant),3,3,4,0
85,1011456,Balder,98,28,123,3
86,1009168,Banshee,180,53,204,10
87,1009596,Banshee (Theresa Rourke),155,31,178,6
88,1011778,Baron Mordo (Karl Mordo),17,9,21,1
89,1009169,Baron Strucker,44,19,52,1
90,1009170,Baron Zemo (Heinrich Zemo),37,23,40,1
91,1010906,Baron Zemo (Helmut Zemo),33,17,35,0
92,1011137,Baroness S'Bak,1,1,1,1
93,1011354,Barracuda,4,3,5,0
94,1009550,Bart Rozum,0,0,0,0
95,1009171,Bastion,37,20,37,2
96,1009172,Batroc the Leaper,30,15,36,0
97,1009173,Battering Ram,2,2,2,0
98,1011785,Battlestar,9,4,16,1
99,1009174,Beak,17,5,18,1
100,1009175,Beast,820,218,913,30
101,1010909,Beast (Earth-311),0,0,0,0
102,1010908,Beast (Ultimate),49,10,90,0
103,1009176,Becatron,0,0,0,0
104,1009177,Bedlam,8,6,7,0
105,1009178,Beef,1,1,1,0
106,1009179,Beetle (Abner Jenkins),19,11,26,2
107,1011793,Belasco,2,1,4,0
108,1009329,Ben Grimm,46,18,67,1
109,1009489,Ben Parker,21,10,25,0
110,1011346,Ben Reilly,17,9,17,0
111,1010782,Ben Urich,53,27,58,4
112,1010829,Bengal,9,3,10,3
113,1009180,Beta-Ray Bill,51,24,58,3
114,1011907,Bethany Cabe,24,4,42,0
115,1010325,Betty Brant,26,14,29,1
116,1009548,Betty Ross,70,18,118,1
117,1011138,Beyonder,16,10,15,2
118,1011296,Bi-Beast,0,0,2,0
119,1010843,Big Bertha,6,3,6,0
120,1009181,Big Wheel,2,2,2,0
121,1011262,Bill Hollister,0,0,0,0
122,1009182,Bishop,304,70,384,8
123,1011224,Bishop (Ultimate),1,1,1,0
124,1009183,Black Bird,0,0,0,0
125,1009184,Black Bolt,161,71,176,10
126,1017330,Black Bolt (Marvel War of Heroes),0,0,0,0
127,1009185,Black Cat,213,77,241,5
128,1010910,Black Cat (Ultimate),5,2,5,0
129,1010859,Black Crow,1,1,2,0
130,1011809,Black Knight (Dane Whitman),82,23,84,1
131,1009186,Black Knight (Sir Percy of Scandia),107,58,106,3
132,1009187,Black Panther,697,238,917,17
133,1017838,Black Panther (Shuri),41,17,43,0
134,1011130,Black Panther (Ultimate),8,4,11,0
135,1010356,Black Queen,2,2,2,0
136,1010687,Black Tarantula,23,10,27,1
137,1009188,Black Tom,15,8,14,1
138,1009189,Black Widow,586,223,669,16
139,1017296,Black Widow (LEGO Marvel Super Heroes),0,0,0,0
140,1010911,Black Widow (Ultimate),18,10,18,0
141,1011498,Black Widow (Yelena Belova),14,6,14,0
142,1017109,Black Widow/Natasha Romanoff (MAA),1,1,1,0
143,1009190,Blackheart,9,4,10,0
144,1010881,Blacklash,5,4,6,0
145,1011349,Blackout,5,4,8,0
146,1009191,Blade,104,49,119,3
147,1009195,Blastaar,36,22,46,3
148,1010830,Blazing Skull,3,3,3,0
149,1011291,Blindfold,24,8,24,0
150,1011836,Bling!,15,6,15,0
151,1009197,Blink,63,23,67,3
152,1009198,Blizzard,13,8,17,1
153,1009199,Blob,76,31,79,7
154,1011132,Blob (Ultimate),14,4,22,0
155,1009200,Blockbuster,12,8,11,2
156,1009201,Blok,6,2,5,0
157,1009202,Bloke,3,2,2,0
158,1011416,Blonde Phantom,18,3,28,0
159,1011073,Bloodaxe,5,1,6,0
160,1009203,Bloodscream,5,2,6,0
161,1009204,Bloodstorm,23,6,25,0
162,1010850,Bloodstrike,0,0,0,0
163,1011113,Blue Blade,1,1,1,0
164,1011339,Blue Marvel,33,9,38,5
165,1011264,Blue Shield,1,1,1,0
166,1010688,Blur,3,3,3,0
167,1011119,"Bob, Agent of Hydra",7,6,8,1
168,1010366,Boom Boom,68,19,76,7
169,1009205,Boomer,62,12,73,2
170,1010371,Boomerang,45,26,49,2
171,1009206,Box,7,3,10,0
172,1011236,Bride of Nine Spiders (Immortal Weapons),10,2,14,1
173,1014981,Bromley,0,0,0,0
174,1009208,Brood,44,17,46,3
175,1011090,Brother Voodoo,11,10,11,1
176,1009209,Brotherhood of Evil Mutants,30,13,34,0
177,1014973,Brotherhood of Mutants (Ultimate),13,4,18,0
178,1009167,Bruce Banner,126,31,177,7
179,1009210,Brute,9,6,7,1
180,1009211,Bucky,83,37,97,1
181,1011038,Bug,3,3,6,1
182,1010887,Bulldozer,7,4,8,0
183,1009212,Bullseye,128,59,140,4
184,1009213,Bushwacker,12,8,13,1
185,1011101,Butterfly,8,1,9,0
186,1009214,Cable,441,121,609,12
187,1017317,Cable (Deadpool),38,10,29,2
188,1017307,Cable (Marvel: Avengers Alliance),0,0,0,0
189,1011252,Cable (Ultimate),2,1,4,0
190,1017472,Cable (X-Men: Battle of the Atom),0,0,0,0
191,1011209,Calamity,11,2,20,1
192,1009216,Caliban,71,16,77,6
193,1009217,Callisto,38,10,35,2
194,1010912,Callisto (Age of Apocalypse),1,1,1,1
195,1009218,Calypso,6,3,6,1
196,1011139,Cammi,4,3,4,1
197,1009219,Cannonball,292,80,323,12
198,1011276,Cap'n Oz,0,0,0,0
199,1009220,Captain America,2425,688,3591,31
200,1010914,Captain America (House of M),3,3,2,1
201,1017295,Captain America (LEGO Marvel Super Heroes),0,0,0,0
202,1017327,Captain America (Marvel War of Heroes),0,0,0,0
203,1017575,Captain America (Sam Wilson),67,27,68,2
204,1010913,Captain America (Ultimate),75,31,89,0
205,1017105,Captain America/Steve Rogers (MAA),0,0,0,0
206,1009223,Captain Britain,178,55,242,8
207,1017856,Captain Britain (Betsy Braddock),31,2,31,0
208,1010915,Captain Britain (Ultimate),3,1,4,0
209,1011190,Captain Cross,0,0,0,0
210,1011196,Captain Flint,0,0,0,0
211,1010338,Captain Marvel (Carol Danvers),556,190,655,16
212,1011096,Captain Marvel (Genis-Vell),62,5,90,1
213,1009224,Captain Marvel (Mar-Vell),199,74,292,6
214,1011095,Captain Marvel (Monica Rambeau),36,15,36,1
215,1011097,Captain Marvel (Phyla-Vell),15,3,23,0
216,1011355,Captain Midlands,0,0,0,0
217,1009225,Captain Stacy,10,4,8,0
218,1011027,Captain Universe,24,13,30,2
219,1011052,Cardiac,10,4,10,1
220,1010143,Caretaker,4,2,4,1
221,1009226,Cargill,1,1,1,0
222,1011258,Carlie Cooper,69,3,93,1
223,1009688,Carmella Unuscione,11,3,11,1
224,1009227,Carnage,148,74,159,2
225,1010916,Carnage (Ultimate),7,3,9,0
226,1009261,Carol Danvers,31,15,33,3
227,1009344,Carol Hines,0,0,0,0
228,1011937,Carrion (Malcolm McBride),2,2,2,0
229,1009478,Cassandra Nova,13,8,10,0
230,1009230,Catseye,1,1,1,0
231,1009536,Cecilia Reyes,21,8,24,2
232,1010813,Celestials,26,14,29,2
233,1011039,Centennial,12,1,24,0
234,1011140,Centurions,0,0,0,0
235,1009231,Cerebro,7,4,8,1
236,1011141,Cerise,2,1,2,0
237,1009232,Ch'od,39,14,34,2
238,1009233,Chamber,53,18,53,1
239,1009234,Chameleon,43,21,46,2
240,1010756,Champions,44,25,47,1
241,1011015,Changeling,0,0,0,0
242,1009733,Charles Xavier,86,40,95,4
243,1011331,Charlie Campion,0,0,0,0
244,1012019,Charlie-27,31,2,52,0
245,1010754,Chase Stein,16,8,15,1
246,1011359,Chat,0,0,0,0
247,1009237,Chimera,6,2,9,0
248,1011411,Chores MacGillicudy,1,1,1,0
249,1011187,Christian Walker,2,2,3,0
250,1009238,Chronomancer,3,1,4,0
251,1012065,Chthon,4,2,4,1
252,1011270,ClanDestine,20,5,37,0
253,1009239,Clea,104,30,127,2
254,1014999,Clea (Ultimate),2,2,1,0
255,1010809,Clint Barton,34,8,38,1
256,1009241,Cloak,123,52,130,6
257,1010823,Cloud 9,20,4,22,4
258,1011286,Cobalt Man,4,3,6,0
259,1010676,Colleen Wing,87,23,93,3
260,1010798,Colonel America,0,0,0,0
261,1009243,Colossus,696,167,853,27
262,1010917,Colossus (Ultimate),64,15,110,0
263,1011410,Confederates of the Curious,1,1,1,0
264,1009245,Constrictor,34,11,37,5
265,1011407,Contessa (Vera Vidal),1,1,1,0
266,1010346,Controller,7,3,9,0
267,1009246,Cornelius,0,0,0,0
268,1009247,Corsair,29,16,22,0
269,1011353,Cosmo (dog),8,7,8,1
270,1011362,Cottonmouth,2,2,2,0
271,1009249,Count Nefaria,30,17,31,0
272,1009250,Countess,1,1,1,0
273,1011272,Crimson Crusader,0,0,0,0
274,1009251,Crimson Dynamo,40,25,42,1
275,1017323,Crimson Dynamo (Iron Man 3 - The Official Game),0,0,0,0
276,1011169,Crimson King,0,0,0,0
277,1009252,Crossbones,46,23,61,2
278,1009253,Crule,7,3,8,0
279,1009254,Crusher Hogan,3,3,3,0
280,1014991,Crusher Hogan (Ultimate),4,3,2,0
281,1009255,Crystal,121,53,136,8
282,1011268,Cuckoo,1,1,2,0
283,1009244,Curt Conners,18,8,16,2
284,1011174,Cuthbert,0,0,0,0
285,1009256,Cyber,21,7,23,0
286,1009257,Cyclops,981,286,1098,29
287,1010918,Cyclops (Ultimate),67,16,120,0
288,1017473,Cyclops (X-Men: Battle of the Atom),0,0,0,0
289,1011385,Cypher,25,6,32,2
290,1011050,D'Ken Neramani,2,2,1,0
291,1009258,Dagger,124,51,143,6
292,1010774,Daily Bugle,3,3,4,1
293,1010719,Daimon Hellstrom,56,25,61,3
294,1011001,Daken,113,31,120,1
295,1011333,Dakota North,20,6,21,1
296,1009259,Damage Control,18,7,18,0
297,1009453,Dani Moonstar,68,20,87,6
298,1010776,Danny Rand,1,1,1,0
299,1009262,Daredevil,1206,302,1911,17
300,1017292,Daredevil (LEGO Marvel Super Heroes),0,0,0,0
301,1017312,Daredevil (Marvel Heroes),0,0,0,0
302,1010919,Daredevil (Ultimate),22,10,27,0
303,1011306,Dargo Ktor,1,1,1,0
304,1011367,Dark Avengers,79,22,109,2
305,1010907,Dark Beast,10,5,10,2
306,1009265,Dark Phoenix,21,15,21,1
307,1011387,Dark X-Men,10,3,17,1
308,1011020,Darkhawk,56,18,58,2
309,1009266,Darkstar,24,16,19,1
310,1011016,Darwin,12,2,13,0
311,1009267,Dazzler,206,69,272,11
312,1010920,Dazzler (Ultimate),16,3,28,0
313,1010341,Deacon Frost,1,1,1,0
314,1011087,Dead Girl,9,5,9,0
315,1009268,Deadpool,867,242,1095,15
316,1017316,Deadpool (Deadpool),0,0,0,0
317,1017336,Deadpool (LEGO Marvel Super Heroes),0,0,0,0
318,1017474,Deadpool (X-Men: Battle of the Atom),0,0,0,0
319,1009269,Death,28,18,30,2
320,1009270,Deathbird,36,12,40,3
321,1011037,Deathcry,8,4,7,3
322,1010890,Deathlok,102,33,113,3
323,1014997,Deathstrike (Ultimate),1,1,1,0
324,1009713,Debra Whitman,1,1,1,0
325,1010717,Debrii,9,3,15,2
326,1011188,Deena Pilgrim,3,2,4,0
327,1011023,Defenders,213,42,278,3
328,1011071,Demogoblin,5,3,5,1
329,1009271,Destiny,45,22,45,4
330,1009272,Detective Soap,3,1,3,0
331,1011107,Deviants,8,6,10,0
332,1017583,Devil Dinosaur (Devil Dinosaur),84,32,88,2
333,1017102,Devil Dinosaur (HAS),0,0,0,0
334,1011142,Devos,4,2,7,1
335,1011260,Dexter Bennett,3,1,4,0
336,1009273,Diablo,28,17,35,0
337,1009274,Diamondback (Rachel Leighton),54,10,61,3
338,1011040,Dinah Soar,3,2,3,0
339,1010997,Dirk Anger,0,0,0,0
340,1009275,Doc Samson,110,30,139,0
341,1009281,Doctor Doom,458,220,535,13
342,1011103,Doctor Doom (Ultimate),12,7,14,0
343,1011206,Doctor Faustus,9,5,14,0
344,1009276,Doctor Octopus,168,63,181,4
345,1010921,Doctor Octopus (Ultimate),15,5,15,0
346,1010689,Doctor Spectrum,21,8,24,0
347,1009282,Doctor Strange,887,301,1120,22
348,1011358,Doctor Strange (Ultimate),11,7,11,0
349,1011500,Doctor Voodoo,46,19,53,2
350,1011235,Dog Brother #1,9,2,10,1
351,1009277,Domino,280,73,322,10
352,1010330,Donald Blake,15,7,23,0
353,1009278,Doomsday Man,3,2,3,0
354,1009279,Doop,39,12,52,1
355,1010879,Doorman,5,3,5,0
356,1017835,Dora Milaje,33,21,35,0
357,1011195,Dorian Gray,0,0,0,0
358,1009280,Dormammu,52,26,58,1
359,1014992,Dormammu (Ultimate),3,3,3,0
360,1017300,Dr. Strange (Marvel: Avengers Alliance),0,0,0,0
361,1010677,Dracula,113,44,136,1
362,1011247,Dragon Lord,3,3,3,0
363,1009283,Dragon Man,37,20,45,2
364,1010735,Drax,78,42,80,3
365,1010368,Dreadnoughts,5,3,9,0
366,1015007,Dreaming Celestial,3,3,3,0
367,1011322,Druig,4,1,4,0
368,1009284,Dum Dum Dugan,67,24,84,3
369,1009285,Dust,21,10,22,0
370,1009286,Earthquake,7,6,3,0
371,1010785,Echo,42,20,45,1
372,1010787,Eddie Brock,203,80,202,1
373,1009396,Eddie Lau,0,0,0,0
374,1010999,"Edward ""Ted"" Forrester",0,0,1,0
375,1011072,Edwin Jarvis,106,32,111,5
376,1011060,Ego,16,14,17,1
377,1009287,Electro,86,41,97,2
378,1010922,Electro (Ultimate),7,5,5,0
379,1009288,Elektra,227,66,308,9
380,1010923,Elektra (Ultimate),11,4,14,0
381,1010355,Elements of Doom,1,1,1,0
382,1009290,Elite,1,1,1,0
383,1011082,Elixir,26,7,34,1
384,1011122,Elloe Kaifi,3,1,3,0
385,1010701,Elsa Bloodstone,44,19,46,2
386,1009310,Emma Frost,421,139,472,17
387,1009291,Empath,30,8,30,0
388,1009292,Emplate,10,5,9,1
389,1010671,Enchantress (Amora),26,11,38,2
390,1011432,Enchantress (Sylvie Lushton),2,2,2,0
391,1011313,Ender Wiggin,5,2,5,0
392,1010445,Energizer,10,4,17,0
393,1011065,Epoch,0,0,0,0
394,1009293,Erik the Red,6,4,6,0
395,1010807,Eternals,90,31,129,1
396,1011061,Eternity,20,13,23,1
397,1010771,Excalibur,218,33,314,5
398,1012378,Executioner (Skurge),4,4,4,2
399,1009294,Exiles,146,26,215,2
400,1009295,Exodus,26,20,31,3
401,1009296,Expediter,0,0,0,0
402,1011199,Ezekiel,8,3,8,0
403,1011317,Ezekiel Stane,17,3,24,0
404,1009248,Fabian Cortez,6,3,6,0
405,1009297,Falcon,200,73,234,7
406,1017110,Falcon/Sam Wilson (MAA),0,0,0,0
407,1011143,Fallen One,0,0,0,0
408,1009298,Famine,15,3,15,1
409,1009299,Fantastic Four,1477,409,2340,24
410,1011013,Fantastic Four (Ultimate),99,28,116,0
411,1011111,Fantastick Four,1,1,1,0
412,1009301,Fantomex,63,17,71,4
413,1011233,Fat Cobra,16,6,21,1
414,1009335,Felicia Hardy,3,2,4,1
415,1009302,Fenris,6,5,5,0
416,1011213,Feral,6,4,6,1
417,1009303,Fin Fang Foom,29,18,33,2
418,1010868,Firebird,35,12,32,2
419,1009304,Firebrand,7,4,13,0
420,1014987,Firedrake,0,0,0,0
421,1009305,Firelord,43,24,49,2
422,1009306,Firestar,110,46,130,6
423,1011222,Firestar (Ultimate),5,4,6,0
424,1010880,Fixer (Paul Norbert Ebersol),7,4,7,0
425,1010863,Flatman,5,3,5,0
426,1010333,Flying Dutchman,0,0,0,0
427,1009470,Foggy Nelson,90,34,122,3
428,1009307,Force Works,28,4,28,1
429,1009308,Forearm,22,9,21,0
430,1009309,Forge,156,48,175,9
431,1014993,Forge (Ultimate),3,1,5,0
432,1011177,Forgotten One,2,2,2,2
433,1009229,Frank Castle,24,10,28,2
434,1011356,Frankenstein's Monster,27,7,36,1
435,1009539,Franklin Richards,166,54,220,8
436,1010980,Franklin Storm,6,4,10,0
437,1011240,Freak,6,2,9,0
438,1012478,Frenzy,9,5,9,1
439,1010799,Frightful Four,19,8,28,0
440,1011389,Frog Thor,22,7,26,0
441,1010670,Frog-Man,2,2,3,1
442,1009377,Gabe Jones,0,0,0,0
443,1009312,Galactus,234,110,259,9
444,1011384,Galia,0,0,0,0
445,1009313,Gambit,496,126,624,14
446,1011201,Gamma Corps,0,0,0,0
447,1010763,Gamora,70,32,74,5
448,1017324,Gamora (Marvel War of Heroes),0,0,0,0
449,1010832,Gargoyle,16,6,17,1
450,1012512,Gargoyle (Isaac Christians),14,2,27,0
451,1012513,Gargoyle (Yuri Topolov),1,1,1,0
452,1011380,Garia,0,0,0,0
453,1009383,Garrison Kane,19,10,19,0
454,1009315,Gateway,29,12,27,3
455,1009316,Gauntlet (Joseph Green),29,8,36,5
456,1011248,Geiger,0,0,0,0
457,1009556,Gene Sailors,0,0,0,0
458,1011285,Generation X,102,12,107,1
459,1009317,Genesis,16,3,16,1
460,1011098,Genis-Vell,4,2,4,0
461,1014974,George Stacy (Ultimate),9,6,4,0
462,1010749,Gertrude Yorkes,14,5,13,1
463,1010925,Ghost Rider (Daniel Ketch),79,23,86,1
464,1009318,Ghost Rider (Johnny Blaze),304,83,423,6
465,1017329,Ghost Rider (Marvel War of Heroes),0,0,0,0
466,1017833,Ghost Rider (Robbie Reyes),31,16,33,0
467,1011221,Giant Girl,2,1,2,0
468,1009320,Giant Man,58,23,61,3
469,1010720,Giant-dok,0,0,0,0
470,1010926,Giant-Man (Ultimate),20,10,22,0
471,1011055,Gideon,22,11,24,1
472,1012571,Gilgamesh,12,3,13,1
473,1014982,Git Hoskins,0,0,0,0
474,1009321,Gladiator (Kallark),83,43,77,3
475,1011256,Gladiator (Melvin Potter),9,6,14,0
476,1009645,Glenn Talbot,7,3,11,0
477,1011144,Glorian,11,2,19,1
478,1009322,Goblin Queen,9,7,9,1
479,1011374,Golden Guardian,0,0,0,0
480,1010927,Goliath (Bill Foster),28,12,29,2
481,1009324,Gorgon,62,34,69,5
482,1012610,Gorgon (Inhumans),16,10,18,2
483,1010731,Gorilla Man,19,8,21,2
484,1011076,Grandmaster,11,10,11,0
485,1012623,Graviton,12,6,15,2
486,1010702,Gravity,35,12,38,4
487,1011041,Great Lakes Avengers,12,4,13,0
488,1014985,Green Goblin (Barry Norman Osborn),12,1,12,0
489,1010928,Green Goblin (Harry Osborn),11,3,11,2
490,1011435,Green Goblin (Norman Osborn),69,33,68,3
491,1010929,Green Goblin (Ultimate),2,2,2,0
492,1009326,Gressill,0,0,0,0
493,1011420,Grey Gargoyle,28,22,36,3
494,1011292,Greymalkin,0,0,0,0
495,1009328,Grim Reaper,33,18,32,1
496,1010743,Groot,38,17,41,2
497,1009330,Guardian,36,19,39,2
498,1011299,Guardians of the Galaxy,351,99,388,9
499,1009331,Guardsmen,0,0,0,0
500,1010709,Gunslinger,0,0,0,0
501,1009207,GW Bridge,22,3,21,3
502,1009619,Gwen Stacy,81,31,76,1
503,1014994,Gwen Stacy (Ultimate),27,8,28,0
504,1011400,H.A.M.M.E.R.,8,5,11,1
505,1009332,H.E.R.B.I.E.,1,1,1,0
506,1011391,Hairball,8,2,12,0
507,1009333,Half-Life (Tony Masterson),1,1,2,0
508,1009334,Hammerhead,30,17,33,0
509,1014995,Hammerhead (Ultimate),5,4,5,0
510,1011490,Hank Pym,241,90,333,8
511,1011091,Hannibal King,2,1,2,0
512,1009348,Happy Hogan,18,4,32,0
513,1010821,Hardball,17,3,20,5
514,1011185,Harley Davidson Cooper,0,0,0,0
515,1009336,Harpoon,13,5,12,3
516,1011069,Harrier,0,0,0,0
517,1009339,Harry Heck,0,0,0,0
518,1009486,Harry Osborn,98,23,123,4
519,1011218,Harry Osborn (Ultimate),10,6,7,0
520,1010816,Hate-Monger (Adolf Hitler),3,3,4,0
521,1009337,Havok,352,97,397,14
522,1009338,Hawkeye,649,213,705,19
523,1010808,Hawkeye (Kate Bishop),97,38,95,3
524,1017311,Hawkeye (Marvel Heroes),0,0,0,0
525,1011131,Hawkeye (Ultimate),30,14,39,0
526,1017108,Hawkeye/Clint Barton (MAA),0,0,0,0
527,1012767,Hecate (Ravonna Renslayer),11,5,10,0
528,1011046,Hedge Knight,1,1,1,0
529,1011482,Hela,62,30,75,5
530,1010351,Hellcat (Patsy Walker),110,39,111,1
531,1009340,Hellfire Club,32,21,28,0
532,1014996,Hellfire Club (Ultimate),2,1,4,0
533,1010678,Hellion,28,13,31,2
534,1011044,Hellions (Squad),7,4,10,0
535,1009341,Hemingway,1,1,2,0
536,1011371,Henry Peter Gyrich,14,6,15,2
537,1009342,Hepzibah,38,13,35,2
538,1009343,Hercules,305,110,348,12
539,1010759,Heroes For Hire,84,11,94,3
540,1011274,Hex,0,0,0,0
541,1011300,High Evolutionary,38,28,42,2
542,1010839,Hindsight Lad,0,0,0,0
543,1010703,Hiroim,4,2,4,1
544,1011442,Hit-Monkey,23,8,32,1
545,1009345,Hitman,4,3,4,0
546,1011383,Hitomi Sakuma,0,0,0,0
547,1010930,Hobgoblin (Jason Macendale),9,4,9,1
548,1010931,Hobgoblin (Robin Borne),3,1,6,0
549,1009347,Hobgoblin (Roderick Kingsley),38,20,37,2
550,1009349,Holocaust (Age of Apocalypse),31,17,29,2
551,1009350,Holy,0,0,0,0
552,1017844,Honey Badger (Gabrielle Kinney),50,8,50,0
553,1011428,Hope Summers,100,22,136,6
554,1009557,Howard Saint,0,0,0,0
555,1010373,Howard The Duck,109,33,223,1
556,1009351,Hulk,1721,505,2611,26
557,1017098,Hulk (HAS),1,1,1,0
558,1017333,Hulk (LEGO Marvel Super Heroes),0,0,0,0
559,1011118,Hulk (Marvel Zombies),8,3,9,0
560,1017303,Hulk (Marvel: Avengers Alliance),0,0,0,0
561,1011005,Hulk (Ultimate),27,16,30,0
562,1010721,Hulk-dok,0,0,0,0
563,1017107,Hulk/Bruce Banner (MAA),0,0,0,0
564,1009355,Hulkling,42,24,41,3
565,1010343,Human Cannonball,2,1,2,0
566,1011415,Human Fly (Richard Deacon),0,0,0,0
567,1010722,Human Robot,12,6,12,2
568,1009356,Human Torch,1176,278,1850,20
569,1010932,Human Torch (Jim Hammond),55,25,51,1
570,1011102,Human Torch (Ultimate),55,22,68,0
571,1010675,Humbug,5,3,5,1
572,1009357,Husk,40,17,50,3
573,1009358,Hussar,8,5,5,1
574,1009359,Hydra,146,74,151,3
575,1009360,Hydro-Man,18,9,25,1
576,1009361,Hyperion (Earth-712),35,22,38,0
577,1011246,Hypno-Hustler,3,2,4,0
578,1009362,Iceman,587,168,678,22
579,1010933,Iceman (Ultimate),68,20,117,0
580,1017475,Iceman (X-Men: Battle of the Atom),0,0,0,0
581,1011077,Ikaris,15,4,17,0
582,1010758,Illuminati,16,8,15,1
583,1009529,Ilyana Rasputin,1,1,2,0
584,1012923,Immortus,21,6,27,1
585,1011273,Imp,0,0,0,0
586,1011089,Imperfects,0,0,0,0
587,1009363,Imperial Guard,17,11,19,2
588,1009364,Impossible Man,24,19,31,1
589,1011063,In-Betweener,4,4,3,0
590,1011064,Inertia,3,3,3,0
591,1011146,Infant Terrible,0,0,0,0
592,1009365,Inhumans,246,111,276,12
593,1011293,Ink,2,2,2,0
594,1011024,Invaders,93,22,155,0
595,1009366,Invisible Woman,730,175,960,20
596,1017301,Invisible Woman (Marvel: Avengers Alliance),0,0,0,0
597,1010934,Invisible Woman (Ultimate),52,19,70,0
598,1011379,Iron Cross Army,0,0,0,0
599,1011318,Iron Fist (Bei Bang-Wen),6,3,10,0
600,1009367,Iron Fist (Danny Rand),397,114,454,11
601,1010888,Iron Fist (Orson Randall),14,6,14,0
602,1011413,Iron Fist (Quan Yaozu),1,1,1,0
603,1016839,Iron Fist (USM),0,0,0,0
604,1011412,Iron Fist (Wu Ao-Shi),2,1,3,0
605,1010704,Iron Lad,17,6,16,0
606,1009368,Iron Man,2631,648,3958,31
607,1017320,Iron Man (Iron Man 3 - The Official Game),0,0,0,0
608,1017294,Iron Man (LEGO Marvel Super Heroes),0,0,0,0
609,1017310,Iron Man (Marvel Heroes),0,0,0,0
610,1017326,Iron Man (Marvel War of Heroes),0,0,0,0
611,1010935,Iron Man (Ultimate),76,28,92,0
612,1017104,Iron Man/Tony Stark (MAA),0,0,0,0
613,1009371,Iron Monger,0,0,0,0
614,1009487,Iron Patriot,6,5,7,3
615,1009538,Iron Patriot (James Rhodes),76,28,100,4
616,1010844,Ironclad,0,0,0,0
617,1017831,Ironheart (Riri Williams),87,29,88,1
618,1011876,Isaiah Bradley,8,2,7,0
619,1009372,J. Jonah Jameson,279,78,306,13
620,1010736,Jack Flag,0,0,0,0
621,1010786,Jack Murdock,8,5,9,0
622,1010766,Jack O' Lantern,9,7,9,2
623,1011251,Jack Power,6,3,6,0
624,1011288,Jackal,43,21,50,2
625,1011259,Jackpot,7,4,10,0
626,1010775,James Buchanan Barnes,3,3,3,0
627,1010777,James Howlett,3,2,3,0
628,1011343,Jamie Braddock,16,6,14,2
629,1010329,Jane Foster,84,40,95,0
630,1010878,"Janus, the Nega-Man",1,1,2,0
631,1009597,Jasper Sitwell,23,8,32,0
632,1011344,Jazinda,0,0,0,0
633,1009327,Jean Grey,224,104,242,13
634,1009496,Jean Grey,59,23,58,0
635,1010946,Jean Grey (Ultimate),78,19,138,0
636,1009604,Jennifer Smith,0,0,0,0
637,1011404,Jeryn Hogarth,19,5,20,0
638,1010667,Jessica Drew,13,5,14,1
639,1009378,Jessica Jones,163,55,179,9
640,1009373,Jetstream,1,1,1,0
641,1009374,Jigsaw,21,8,22,0
642,1011105,Jimmy Woo,15,7,18,2
643,1009375,Joan the Mouse,0,0,0,0
644,1009376,Jocasta,73,13,76,6
645,1011171,John Farson,0,0,0,0
646,1010812,John Jameson,10,6,9,0
647,1009500,John Porter,0,0,0,0
648,1009721,John Wraith,5,2,9,0
649,1009196,Johnny Blaze,4,4,4,0
650,1009630,Johnny Storm,27,15,40,3
651,1009380,Joseph,37,9,44,1
652,1010938,Joshua Kane,0,0,0,0
653,1010937,Josiah X,7,1,7,0
654,1011033,Joystick,5,5,5,1
655,1009381,Jubilee,257,63,292,10
656,1010936,Jubilee (Age of Apocalypse),3,1,3,1
657,1009382,Juggernaut,203,88,231,9
658,1010772,Jule Carpenter,0,0,0,0
659,1010679,Julian Keller,6,3,8,0
660,1011314,Junta,7,1,7,0
661,1010760,Justice,75,18,94,7
662,1011310,Justin Hammer,8,4,10,0
663,1011081,Ka-Zar,159,47,176,1
664,1011193,Kabuki,11,1,11,0
665,1009384,Kang,136,59,161,3
666,1014983,Karen O'Malley,0,0,0,0
667,1011357,Karen Page,33,14,45,0
668,1011386,Karma,58,15,74,2
669,1009385,Karnak,103,48,114,8
670,1010752,Karolina Dean ,12,10,11,0
671,1010783,Kat Farrell,11,7,8,1
672,1010810,Kate Bishop,15,8,15,2
673,1011250,Katie Power,11,5,15,0
674,1011319,Ken Ellis,6,3,6,0
675,1009386,Khan,0,0,0,0
676,1010893,Kid Colt,14,6,17,0
677,1011397,Killer Shrike,4,4,3,0
678,1011289,Killmonger,26,9,26,0
679,1011116,Killraven,38,8,104,0
680,1009388,King Bedlam,2,1,2,0
681,1010842,King Cobra,5,5,5,0
682,1009389,Kingpin,268,101,314,7
683,1011308,Kinsey Walden,0,0,0,0
684,1009508,Kitty Pryde,355,128,372,14
685,1017476,Kitty Pryde (X-Men: Battle of the Atom),0,0,0,0
686,1009390,Klaw,47,28,51,1
687,1010818,Komodo (Melati Kusuma),20,2,24,4
688,1011147,Korath,5,3,5,1
689,1011080,Korg,18,3,17,2
690,1011312,Korvac,15,9,17,0
691,1013133,Krakoa,23,6,23,1
692,1009391,Kraven the Hunter,75,41,86,1
693,1011148,Kree,24,17,26,1
694,1015017,Krista Starr,0,0,0,0
695,1011178,Kronos,0,0,0,0
696,1011029,Kulan Gath,5,3,5,0
697,1013163,Kwannon,1,1,1,0
698,1011058,Kylun,0,0,0,0
699,1009392,La Nuit,2,2,2,0
700,1011327,Lady Bullseye,33,8,38,2
701,1009393,Lady Deathstrike,93,34,97,2
702,1011014,Lady Mastermind,3,1,5,0
703,1014977,Lady Ursula,0,0,0,0
704,1014976,Lady Vermin,0,0,0,0
705,1009394,Lake,0,0,0,0
706,1009395,Landau,0,0,0,0
707,1009397,Lava-Man,1,1,1,0
708,1011100,Layla Miller,41,4,42,3
709,1009398,Leader,49,16,68,2
710,1011092,Leech,4,2,4,2
711,1009399,Legion,97,33,107,5
712,1011403,"Lei Kung, The Thunderer",7,2,9,0
713,1009166,Lenny Balinger,0,0,0,0
714,1011186,Leo (Zodiac),0,0,0,0
715,1010340,Leopardon,0,0,0,0
716,1011375,Leper Queen,1,1,1,0
717,1014988,Lester,0,0,0,0
718,1011421,Lethal Legion,12,8,9,1
719,1010977,Lieutenant Marcus Stone,1,1,1,0
720,1009401,Lifeguard,4,1,8,0
721,1011408,Lightning Lords of Nepal,1,1,1,0
722,1010450,Lightspeed,37,9,44,2
723,1009236,Lila Cheney,8,7,7,0
724,1009402,Lilandra,114,41,104,5
725,1011074,Lilith,6,5,11,0
726,1011257,Lily Hollister,9,1,12,1
727,1010337,Lionheart,8,3,7,0
728,1011444,Living Laser,24,15,28,1
729,1010854,Living Lightning,21,9,21,0
730,1011036,Living Mummy,9,5,9,0
731,1011059,Living Tribunal,6,5,5,0
732,1009403,Liz Osborn,12,7,10,2
733,1009404,Lizard,93,34,104,3
734,1010939,Lizard (Ultimate),2,2,2,0
735,1011414,Loa,6,3,11,1
736,1009405,Lockheed,66,24,69,4
737,1009406,Lockjaw,82,46,94,3
738,1010363,Logan,31,13,30,0
739,1009407,Loki,410,165,480,9
740,1017299,Loki (LEGO Marvel Super Heroes),0,0,0,0
741,1010768,Loners,6,1,6,0
742,1009408,Longshot,86,26,105,5
743,1010940,Longshot (Ultimate),4,1,7,0
744,1011145,Lord Hawal,1,1,1,1
745,1014980,Lord Tyger,0,0,0,0
746,1011283,Lords of Avalon,0,0,2,0
747,1009260,Lorna Dane,8,5,5,0
748,1009409,Luckman,0,0,0,0
749,1011405,Lucky Pierre,1,1,1,0
750,1010751,Lucy in the Sky,0,0,0,0
751,1009215,Luke Cage,396,137,415,15
752,1011200,Luminals,0,0,0,0
753,1017854,Luna Snow (Luna Snow),14,7,15,0
754,1010896,Lyja,28,5,54,0
755,1011068,M (Monet St. Croix),41,9,46,2
756,1011004,M.O.D.A.M.,5,3,7,0
757,1011320,M.O.D.O.G.,2,2,1,0
758,1010726,M.O.D.O.K.,51,29,62,2
759,1017321,M.O.D.O.K. (Iron Man 3 - The Official Game),0,0,0,0
760,1009418,Ma Gnuci,2,1,2,0
761,1009314,Mac Gargan,0,0,0,0
762,1010851,Mach IV,8,4,14,1
763,1010805,Machine Man,94,27,116,1
764,1009411,Mad Thinker,34,21,34,0
765,1009412,Madame Hydra,16,11,18,0
766,1010352,Madame Masque,33,16,38,3
767,1010796,Madame Web (Julia Carpenter),1,1,1,0
768,1010724,Maddog,1,1,1,0
769,1009509,Madelyne Pryor,21,9,24,4
770,1011205,Madripoor,1,1,1,0
771,1009413,Madrox,93,14,98,3
772,1011053,Maelstrom,4,3,4,0
773,1011328,Maestro,28,9,28,0
774,1010867,Magdalene,7,3,9,1
775,1009414,Maggott,28,6,37,0
776,1010942,Magik (Amanda Sefton),2,2,2,2
777,1009415,Magik (Illyana Rasputin),115,44,131,8
778,1011135,Maginty,0,0,0,0
779,1009416,Magma (Amara Aquilla),63,24,71,5
780,1009417,Magneto,469,169,507,21
781,1010944,Magneto (Age of Apocalypse),9,5,10,1
782,1010945,Magneto (House of M),10,7,8,1
783,1010943,Magneto (Ultimate),36,10,51,0
784,1017477,Magneto (X-Men: Battle of the Atom),0,0,0,0
785,1010904,Magus (Adam Warlock),17,9,21,3
786,1011364,Magus (Technarch),4,2,4,0
787,1011085,Major Mapleleaf,0,0,0,0
788,1010725,Makkari,18,7,18,0
789,1009242,Malcolm Colcord,9,1,10,0
790,1013479,Malekith,17,15,18,0
791,1011229,Malice (Earth-161),0,0,0,0
792,1009420,Man-Thing,150,54,185,2
793,1010811,Man-Wolf,29,15,28,0
794,1009421,Mandarin,80,29,102,1
795,1011243,Mandrill,1,1,1,1
796,1009422,Mandroid,2,2,1,0
797,1009423,Manta,9,7,5,1
798,1011026,Mantis,52,15,58,4
799,1009424,Marauders,22,15,25,2
800,1015018,Marcus Van Sciver,0,0,0,0
801,1011335,Maria Hill,100,29,121,8
802,1009735,Mariko Yashida,19,12,19,1
803,1009425,Marrow,84,24,105,1
804,1011173,Marten Broadcloak,0,0,0,0
805,1011263,Martin Li,0,0,0,0
806,1011350,Marvel Apes,9,2,13,0
807,1009427,Marvel Boy,50,24,89,4
808,1011002,Marvel Zombies,31,11,43,0
809,1011417,Marvex,1,1,3,0
810,1009708,Mary Jane Watson,414,89,452,9
811,1010993,Mary Jane Watson (House of M),2,1,1,0
812,1011203,Mary Jane Watson (Ultimate),45,16,36,0
813,1010869,Masked Marvel (Unrevealed),3,2,2,0
814,1010367,Masque,35,12,34,3
815,1010732,Master Chief,6,3,6,0
816,1009433,Master Mold,9,6,9,0
817,1009434,Mastermind,46,21,42,1
818,1011279,Masters of Evil,24,8,23,0
819,1010877,Mathemanic,0,0,0,0
820,1009677,Matsu'o Tsurayaba,0,0,0,0
821,1009463,Matthew Murdock,28,13,35,1
822,1010793,Mattie Franklin,0,0,0,0
823,1009436,Mauler,5,4,7,0
824,1010947,Maverick (Chris Bradley),5,2,5,0
825,1009437,Maverick (Christoph Nord),7,3,6,0
826,1011305,Maximus,28,13,28,5
827,1009490,May Parker,168,41,185,5
828,1009438,Medusa,164,78,177,10
829,1011399,Meggan,21,13,22,1
830,1009439,Meltdown,70,12,95,1
831,1011241,Menace,41,4,52,1
832,1011099,Mentallo,3,2,3,0
833,1011184,Mentor,2,2,2,1
834,1009440,Mephisto,119,52,136,3
835,1009441,Mephistopheles,0,0,0,0
836,1010681,Mercury,20,11,17,2
837,1009442,Mesmero,32,21,30,0
838,1009443,Metal Master,0,0,0,0
839,1010361,Meteorite,1,1,1,0
840,1011340,MI: 13,0,0,0,0
841,1009444,Micro/Macro,0,0,0,0
842,1010690,Microbe,6,1,12,0
843,1011134,Microchip,12,5,12,0
844,1010871,Micromax,6,4,5,0
845,1010891,Midnight (Earth-811),0,0,0,0
846,1010924,Miek,3,2,3,1
847,1009530,Mikhail Rasputin,10,6,13,1
848,1011192,Millenium Guard,0,0,0,0
849,1010894,Millie the Model,31,3,289,0
850,1009445,Mimic,36,13,41,1
851,1011204,Mindworm,1,1,2,0
852,1013727,Miracleman,0,0,0,0
853,1011424,Miss America,50,5,52,0
854,1009446,Mister Fear,4,3,5,0
855,1009447,Mister Sinister,109,51,111,6
856,1017318,Mister Sinister (Deadpool),0,0,0,0
857,1010948,Mister Sinister (House of M),0,0,0,0
858,1011254,Mister Sinister (Ultimate),3,1,6,0
859,1010682,Misty Knight,174,61,190,6
860,1011220,Mockingbird,91,41,93,5
861,1009410,Moira MacTaggert,35,21,30,3
862,1010941,Moira MacTaggert (Ultimate),2,1,4,0
863,1009448,Mojo,51,31,55,2
864,1009449,Mole Man,68,41,76,1
865,1011019,Molecule Man,9,6,10,1
866,1010691,Molly Hayes,17,10,15,2
867,1009541,Molly Von Richtofen,2,1,2,0
868,1011370,Molten Man,7,4,7,1
869,1010876,Mongoose,2,2,3,0
870,1009450,Mongu (Unrevealed),0,0,0,0
871,1010331,Monster Badoon,2,1,2,0
872,1017814,Moon Girl (Lunella Layfayette),87,32,90,1
873,1009452,Moon Knight,309,95,369,6
874,1010949,Moon Knight (House of M),1,1,1,0
875,1014998,Moon Knight (Ultimate),8,4,8,0
876,1009451,Moondragon,78,30,93,4
877,1010362,Moonstone,38,20,42,4
878,1009454,Morbius,109,45,121,3
879,1010902,Mordo,1,1,2,0
880,1009455,Morg,6,2,6,0
881,1013190,Morgan Le Fay,14,9,13,1
882,1009623,Morgan Stark,4,2,7,0
883,1011008,Morlocks,9,6,10,0
884,1011088,Morlun,7,5,12,2
885,1009456,Morph,21,12,23,1
886,1009457,Mother Askani,9,3,11,0
887,1009458,Mr. Bumpo,0,0,0,0
888,1009459,Mr. Fantastic,587,180,783,20
889,1010950,Mr. Fantastic (Ultimate),52,21,68,0
890,1010900,Mr. Fish,1,1,1,0
891,1009460,Mr. Fixit,25,3,39,1
892,1010347,Mr. Hyde,34,18,46,2
893,1010840,Mr. Immortal,6,3,6,0
894,1014984,Mr. Meugniot,0,0,0,0
895,1011244,Mr. Negative,27,8,32,2
896,1009461,Mr. Payback,0,0,0,0
897,1009462,Mr. X,7,5,6,0
898,1017824,Ms. America (America Chavez),70,24,71,1
899,1017577,Ms. Marvel (Kamala Khan),240,84,242,2
900,1011372,MS2,0,0,0,0
901,1011210,Mulholland Black,11,2,19,1
902,1011056,Multiple Man,53,16,63,2
903,1010826,MVP,4,3,6,1
904,1009464,Mysterio,90,35,99,1
905,1010951,Mysterio (Daniel Berkhart),0,0,0,0
906,1010952,Mysterio (Francis Klum),2,2,1,0
907,1009465,Mystique,198,74,243,10
908,1010953,Mystique (Age of Apocalypse),2,1,2,1
909,1010954,Mystique (House of M),1,1,1,1
910,1011129,Mystique (Ultimate),11,5,17,0
911,1013483,Nakia (Nakia),2,2,2,0
912,1009466,Namor,331,129,377,16
913,1009468,Namora,50,17,90,3
914,1009469,Namorita,66,22,74,7
915,1014978,Naoko,0,0,0,0
916,1009547,Natasha Romanoff,19,8,20,1
917,1010365,Nebula,30,18,30,2
918,1011302,Nehzno,0,0,0,0
919,1011422,Nekra,4,1,4,0
920,1011086,Nemesis,35,6,55,1
921,1010831,Network,0,0,0,0
922,1010815,New Goblin,0,0,0,0
923,1011336,New Mutants,283,56,461,16
924,1010683,New Warriors,112,21,149,4
925,1011271,New X-Men,46,12,51,1
926,1011269,Newton Destine,3,2,2,0
927,1011303,Next Avengers,1,1,1,0
928,1010685,Nextwave,13,2,12,0
929,1009471,Nick Fury,531,200,606,10
930,1017298,Nick Fury (LEGO Marvel Super Heroes),0,0,0,0
931,1011007,Nick Fury (Ultimate),84,33,106,0
932,1010746,Nico Minoru,25,12,24,1
933,1010706,Nicolaos,2,1,2,0
934,1011282,Night Nurse (Earth-9997),0,0,0,0
935,1014057,Night Nurse (Linda Carter),11,6,9,0
936,1010684,Night Thrasher,46,12,70,4
937,1014063,Night Thrasher (Dwayne Taylor),14,4,20,0
938,1009472,Nightcrawler,626,187,738,17
939,1011337,Nightcrawler (Ultimate),38,8,64,0
940,1010349,Nighthawk,59,24,62,1
941,1009473,Nightmare,59,25,74,4
942,1011124,Nightshade,3,2,3,0
943,1011409,Nine-Fold Daughters of Xao,1,1,1,0
944,1010797,Nitro,7,6,6,1
945,1009474,Nocturne,33,14,34,1
946,1009475,Nomad,22,13,24,0
947,1011427,Nomad (Rikki Barnes),16,4,20,0
948,1010955,Nomad (Steve Rogers),4,2,6,0
949,1009325,Norman Osborn,191,80,222,5
950,1010063,Norrin Radd,0,0,0,0
951,1009476,Northstar,107,31,123,6
952,1009477,Nova,193,65,266,11
953,1010956,Nova (Frankie Raye),7,5,7,0
954,1017078,Nova (Sam Alexander),110,21,113,4
955,1016837,Nova (USM),0,0,0,0
956,1010707,Nuke,12,7,14,0
957,1009620,Obadiah Stane,4,2,7,0
958,1009480,Odin,219,86,268,7
959,1009481,Ogun,7,4,9,0
960,1017840,Okoye,8,3,8,0
961,1010882,Old Lace,13,7,13,0
962,1017810,Old Man Logan (Earth-807128),156,43,157,1
963,1014160,Omega (Michael Pointer),1,1,2,1
964,1010757,Omega Flight,10,3,13,1
965,1009482,Omega Red,62,24,67,1
966,1011329,Omega Sentinel,1,1,1,0
967,1011123,Omega the Unknown,16,5,15,0
968,1009483,Onslaught,46,27,41,1
969,1011255,Onslaught (Ultimate),0,0,0,0
970,1009484,Oracle,20,13,12,0
971,1011202,Ord,11,5,9,0
972,1009485,Orphan,14,2,22,0
973,1010957,Orphan-Maker,19,2,19,1
974,1009479,Otto Octavius,9,6,9,0
975,1014198,Outlaw (Inez Temple),14,6,14,0
976,1011228,Outlaw Kid,3,1,3,0
977,1010332,Overlord,0,0,0,0
978,1011028,Owl,19,16,21,1
979,1009488,Ozymandias,15,12,11,1
980,1011150,Paibok,4,2,7,0
981,1010873,Paladin,24,14,26,2
982,1010708,Pandemic,2,2,1,0
983,1011321,Paper Doll,3,1,4,0
984,1010357,Patch,5,2,5,0
985,1009492,Patriot,81,16,81,2
986,1011351,Payback,0,0,0,0
987,1017857,Peggy Carter (Captain Carter),15,7,15,0
988,1014267,Penance (Monet St. Croix),17,5,17,0
989,1009493,Penance (Robert Baldwin),67,20,84,6
990,1009494,Pepper Potts,85,20,122,2
991,1009495,Pestilence,10,2,13,1
992,1011388,Pet Avengers,14,4,24,0
993,1010779,Pete Wisdom,22,9,22,0
994,1009491,Peter Parker,195,35,204,4
995,1010734,Peter Quill,7,5,6,1
996,1011021,Phalanx,3,2,3,0
997,1011419,Phantom Reporter,2,2,2,0
998,1017839,Phil Coulson (Phil Coulson),4,4,7,0
999,1011369,Phil Sheldon,8,3,14,0
1000,1014318,Phoenix Force,15,7,17,0
1001,1011045,Photon,31,11,34,0
1002,1010741,Phyla-Vell,2,1,2,0
1003,1010886,Piledriver,6,3,5,0
1004,1010762,Pip,18,9,17,1
1005,1011179,Pixie,47,15,48,4
1006,1009498,Plazm,2,2,2,0
1007,1009499,Polaris,271,70,314,10
1008,1009501,Post,13,8,11,1
1009,1016840,Power Man (USM),0,0,0,0
1010,1010770,Power Pack,137,38,164,4
1011,1011151,Praxagora,3,1,3,1
1012,1011152,Preak,3,1,3,1
1013,1009502,Pretty Boy,3,2,2,0
1014,1011104,Pride,10,5,10,0
1015,1014989,Prima,0,0,0,0
1016,1011234,Prince of Orphans,11,3,16,1
1017,1010750,Princess Powerful,0,0,0,0
1018,1009503,Prism,5,4,5,1
1019,1011030,Prodigy,28,9,30,3
1020,1014434,Prodigy (David Alleyne),10,2,17,0
1021,1011153,Proemial Gods,0,0,0,0
1022,1011378,Professor Monster,0,0,0,0
1023,1009504,Professor X,422,134,426,15
1024,1010958,Professor X (Ultimate),16,1,18,0
1025,1009505,Proteus,16,10,14,1
1026,1010960,Proteus (House of M),0,0,0,0
1027,1010959,Proteus (Ultimate),5,3,3,0
1028,1009506,Proudstar,5,3,6,0
1029,1009507,Prowler,25,11,23,3
1030,1010961,Prowler (Rick Lawson),0,0,0,0
1031,1009511,Psycho-Man,11,8,10,0
1032,1009512,Psylocke,431,102,501,21
1033,1009510,PsyNapse,4,2,4,0
1034,1009513,Puck,76,21,92,2
1035,1010962,Puck (Zuzha Yu),12,1,24,0
1036,1010865,Puff Adder,0,0,0,0
1037,1011165,pug,0,0,0,0
1038,1009514,Puma,31,13,34,2
1039,1009515,Punisher,737,203,948,9
1040,1009517,Punisher (2099),6,5,6,0
1041,1017306,Punisher (Marvel: Avengers Alliance),0,0,0,0
1042,1009519,Puppet Master,41,21,50,1
1043,1011207,Purifiers,12,5,16,2
1044,1009520,Purple Man,26,14,26,2
1045,1009522,Pyro,58,23,63,5
1046,1014528,Quake (Daisy Johnson),39,12,40,5
1047,1009523,Quasar (Phyla-Vell),106,30,166,7
1048,1010778,Quasar (Wendell Vaughn),40,19,42,5
1049,1010334,Quasimodo,10,9,9,0
1050,1011191,Queen Noir,0,0,0,0
1051,1009387,Quentin Quire,65,14,66,1
1052,1009524,Quicksilver,373,131,396,11
1053,1010964,Quicksilver (Age of Apocalypse),4,3,3,1
1054,1010963,Quicksilver (Ultimate),32,13,48,0
1055,1009430,Rachel Grey,88,34,95,8
1056,1009526,Radioactive Man,28,19,25,2
1057,1011280,Rafael Vega,0,0,0,0
1058,1010817,Rage,37,9,43,5
1059,1009527,Raider,0,0,0,0
1060,1009528,Randall,7,3,11,0
1061,1011326,Randall Flagg,1,1,1,0
1062,1010767,Random,3,3,2,0
1063,1010838,Rattler,0,0,0,0
1064,1011154,Ravenous,5,2,5,1
1065,1010892,Rawhide Kid,125,7,375,0
1066,1009531,Raza,35,13,31,2
1067,1009532,Reaper,18,8,21,1
1068,1009533,Reavers,16,5,15,0
1069,1015000,Reavers (Ultimate),2,2,1,0
1070,1011249,Red 9,0,0,0,0
1071,1009534,Red Ghost,15,13,15,0
1072,1011238,Red Ghost (Ultimate),0,0,0,0
1073,1014666,Red Guardian (Alexei Shostakov),7,5,6,0
1074,1011360,Red Hulk,100,28,135,5
1075,1017099,Red Hulk (HAS),1,1,1,0
1076,1011436,Red She-Hulk,41,10,44,4
1077,1011155,Red Shift,2,1,2,1
1078,1009535,Red Skull,173,88,210,7
1079,1010965,Red Skull (Albert Malik),0,0,0,0
1080,1010837,Red Wolf,24,11,27,1
1081,1011390,Redwing,22,9,32,0
1082,1011376,Reptil,56,9,68,3
1083,1011189,Retro Girl,1,1,1,0
1084,1011330,Revanche,1,1,1,0
1085,1009537,Rhino,74,45,81,2
1086,1009702,Rhodey,12,7,18,0
1087,1011401,Richard Fisk,0,0,0,0
1088,1009379,Rick Jones,194,43,261,5
1089,1015006,Rick Jones (Ultimate),0,0,0,0
1090,1011348,Ricochet,7,2,7,0
1091,1009542,Rictor,119,24,126,5
1092,1009543,Riptide,11,7,9,2
1093,1009544,Risque,13,5,12,1
1094,1009545,Robbie Robertson,69,24,71,1
1095,1010792,Robert Baldwin ,0,0,0,0
1096,1009235,Robin Chapel,0,0,0,0
1097,1010744,Rocket Raccoon,93,43,103,4
1098,1017314,Rocket Raccoon (Marvel Heroes),0,0,0,0
1099,1010769,Rocket Racer,1,1,1,0
1100,1010692,Rockslide,28,14,31,3
1101,1009546,Rogue,630,164,784,25
1102,1010967,Rogue (Age of Apocalypse),9,4,9,1
1103,1017319,Rogue (Deadpool),0,0,0,0
1104,1010966,Rogue (Ultimate),36,9,59,0
1105,1017478,Rogue (X-Men: Battle of the Atom),0,0,0,0
1106,1010781,Roland Deschain,10,6,10,0
1107,1011398,Romulus,22,7,23,1
1108,1010344,Ronan,56,26,62,5
1109,1010710,Ronin,16,10,17,2
1110,1011117,Roughhouse,7,3,5,0
1111,1009549,Roulette,1,1,2,0
1112,1009595,Roxanne Simpson,0,0,0,0
1113,1009311,Rumiko Fujikawa,8,1,13,0
1114,1010747,Runaways,137,36,170,1
1115,1009551,Russian,0,0,0,0
1116,1009552,S.H.I.E.L.D.,165,72,196,1
1117,1009553,Sabra,21,13,21,0
1118,1009554,Sabretooth,309,113,326,8
1119,1010969,Sabretooth (Age of Apocalypse),21,7,21,1
1120,1010970,Sabretooth (House of M),1,1,1,1
1121,1010968,Sabretooth (Ultimate),23,7,39,0
1122,1009555,Sage,39,16,44,0
1123,1011325,Salem's Seven (Ultimate),4,1,8,0
1124,1011126,Sally Floyd,7,3,6,1
1125,1011156,Salo,1,1,1,1
1126,1009558,Sandman,120,45,150,0
1127,1010711,Santa Claus,2,2,4,0
1128,1009559,Saracen (Muzzafar Lambert),0,0,0,0
1129,1009560,Sasquatch (Walter Langkowski),96,35,114,4
1130,1011035,Satana,33,15,48,0
1131,1009561,Sauron,62,27,66,1
1132,1011048,Scalphunter,26,7,26,2
1133,1010861,Scarecrow (Ebenezer Laughton),13,12,13,0
1134,1011197,Scarlet Spider (Ben Reilly),77,29,82,0
1135,1011426,Scarlet Spider (Kaine),82,20,89,1
1136,1009562,Scarlet Witch,544,188,614,17
1137,1010972,Scarlet Witch (Age of Apocalypse),0,0,0,0
1138,1017308,Scarlet Witch (Marvel Heroes),0,0,0,0
1139,1010971,Scarlet Witch (Ultimate),29,14,41,0
1140,1010790,Scorpion (Carmilla Black),9,3,9,1
1141,1009563,Scorpion (Mac Gargan),37,17,36,1
1142,1011079,Scorpion (Ultimate),1,1,1,0
1143,1009565,Scourge,8,5,9,0
1144,1011230,Scrambler,2,2,2,1
1145,1009566,Scream (Donna Diego),10,5,10,0
1146,1011242,Screwball,9,4,14,0
1147,1009581,Sebastian Shaw,41,22,42,5
1148,1011368,Secret Warriors,42,8,70,3
1149,1009568,Selene,27,15,28,1
1150,1009569,Senator Kelly,1,1,1,0
1151,1009570,Sentinel,65,28,67,5
1152,1011323,Sentinels,58,31,54,4
1153,1009571,Sentry (Robert Reynolds),110,45,118,7
1154,1011167,Ser Duncan,1,1,1,0
1155,1009572,Serpent Society,9,7,10,3
1156,1010345,Sersi,57,23,60,1
1157,1009573,Shadow King,26,15,24,2
1158,1010973,Shadow King (Age of Apocalypse),2,1,2,1
1159,1009574,Shadowcat,15,11,15,0
1160,1010975,Shadowcat (Age of Apocalypse),10,1,10,0
1161,1010974,Shadowcat (Ultimate),9,5,13,0
1162,1011406,Shadu the Shady,1,1,1,0
1163,1009575,Shalla-bal,10,4,10,0
1164,1009576,Shaman,48,11,54,2
1165,1014979,Shane Yamada-Jones,0,0,0,0
1166,1009577,Shang-Chi,115,63,268,6
1167,1015001,Shang-Chi (Ultimate),8,5,10,0
1168,1009578,Shanna the She-Devil,75,30,92,1
1169,1010712,Shape,5,4,6,0
1170,1009579,Shard,28,5,34,1
1171,1009228,Sharon Carter,114,44,141,4
1172,1010895,Sharon Ventura,9,4,17,0
1173,1009580,Shatterstar,136,35,161,5
1174,1017111,She-Hulk (HAS),1,1,1,0
1175,1009583,She-Hulk (Jennifer Walters),494,161,567,15
1176,1011392,She-Hulk (Lyra),24,6,32,3
1177,1017331,She-Hulk (Marvel War of Heroes),0,0,0,0
1178,1011393,She-Hulk (Ultimate),2,2,2,0
1179,1015035,Shen,0,0,0,0
1180,1011168,Sheva Callister,0,0,0,0
1181,1011093,Shi'Ar,16,10,16,1
1182,1011381,Shinko Yamashiro,0,0,0,0
1183,1009582,Shinobi Shaw,5,3,6,0
1184,1009584,Shiva,6,4,5,0
1185,1011394,Shiver Man,1,1,1,0
1186,1009585,Shocker (Herman Schultz),38,25,42,4
1187,1010858,Shockwave,1,1,5,0
1188,1010824,Shooting Star,1,1,1,0
1189,1009586,Shotgun,4,4,3,0
1190,1009587,Shriek,7,3,8,1
1191,1009588,Sif,171,47,182,2
1192,1010848,Silhouette,5,4,7,2
1193,1017815,Silk (Cindy Moon),56,17,56,1
1194,1010856,Silk Fever,0,0,0,0
1195,1010339,Silver Centurion,0,0,0,0
1196,1009589,Silver Fox,14,4,17,0
1197,1009590,Silver Sable,70,30,79,0
1198,1009591,Silver Samurai,39,22,32,0
1199,1010976,Silver Samurai (Age of Apocalypse),13,2,13,0
1200,1009592,Silver Surfer,541,175,790,13
1201,1010864,Silverclaw,21,6,22,0
1202,1009594,Silvermane,18,11,16,1
1203,1010898,Sin,55,17,71,3
1204,1011265,Sinister Six,33,10,38,1
1205,1014975,Sir Ram,0,0,0,0
1206,1010834,Siren (Earth-93060),0,0,0,0
1207,1010745,Sister Grimm,7,3,7,1
1208,1011223,Skaar,77,14,96,3
1209,1017101,Skaar (HAS),1,1,1,0
1210,1009598,Skin,12,7,13,1
1211,1011157,Skreet,5,3,4,1
1212,1009599,Skrulls,132,62,141,5
1213,1015002,Skrulls (Ultimate),2,2,2,0
1214,1009600,Skullbuster (Cylla Markham),3,3,3,0
1215,1011057,Slapstick,32,10,35,5
1216,1011070,Slayback,1,1,1,0
1217,1009601,Sleeper,6,4,6,0
1218,1010761,Sleepwalker,13,8,13,1
1219,1009602,Slipstream,5,2,5,0
1220,1010874,Slyde,1,1,1,0
1221,1009603,Smasher (Vril Rokk),17,11,10,1
1222,1010845,Smiling Tiger,0,0,0,0
1223,1009606,Snowbird,48,12,68,3
1224,1010855,Solo (James Bourne),21,10,20,1
1225,1010693,Songbird,43,14,48,2
1226,1011373,Sons of the Tiger,5,4,22,0
1227,1009607,Spacker Dave,0,0,0,0
1228,1010705,Spectrum,39,16,39,1
1229,1010833,Speed,14,10,15,3
1230,1011032,Speed Demon,7,5,8,0
1231,1010694,Speedball (Robert Baldwin),40,12,49,3
1232,1009605,Spencer Smythe,7,3,7,0
1233,1011366,Sphinx (Anath-Na Mut),0,0,0,0
1234,1010727,Spider-dok,0,0,0,0
1235,1009157,Spider-Girl (Anya Corazon),68,18,77,2
1236,1009609,Spider-Girl (May Parker),196,37,309,1
1237,1017603,Spider-Gwen (Gwen Stacy),131,41,134,2
1238,1011347,Spider-Ham (Larval Earth),52,21,53,0
1239,1011054,Spider-Man (1602),44,5,79,0
1240,1014873,Spider-Man (2099),66,21,66,0
1241,1016452,Spider-Man (Ai Apaec),15,2,29,0
1242,1014858,Spider-Man (Ben Reilly),65,20,66,1
1243,1012200,Spider-Man (House of M),0,0,0,0
1244,1017332,Spider-Man (LEGO Marvel Super Heroes),0,0,0,0
1245,1011114,Spider-Man (Marvel Zombies),8,4,8,0
1246,1017305,Spider-Man (Marvel: Avengers Alliance),0,0,0,0
1247,1016181,Spider-Man (Miles Morales),342,101,354,2
1248,1012295,Spider-Man (Noir),16,6,17,0
1249,1009610,Spider-Man (Peter Parker),4167,1085,6159,38
1250,1011377,Spider-Man (Takuya Yamashiro),0,0,0,0
1251,1011010,Spider-Man (Ultimate),260,45,351,0
1252,1010795,Spider-Woman (Charlotte Witter),11,6,14,1
1253,1009608,Spider-Woman (Jessica Drew),288,94,301,14
1254,1010794,Spider-Woman (Mattie Franklin),16,5,16,1
1255,1009614,Spiral (Rita Wayword),50,22,52,4
1256,1011158,Spirit,0,0,0,0
1257,1010899,Spitfire,29,14,33,1
1258,1009616,Spot,16,10,20,2
1259,1011180,Sprite,0,0,0,0
1260,1009617,Spyke,0,0,0,0
1261,1014905,Squadron Sinister,9,3,9,0
1262,1010814,Squadron Supreme (Earth-712),52,17,68,0
1263,1010860,Squirrel Girl,123,46,126,2
1264,1009618,Stacy X,37,19,36,1
1265,1015003,Stacy X (Ultimate),2,1,2,0
1266,1011307,Star Brand,31,11,46,1
1267,1010733,Star-Lord (Peter Quill),99,38,142,4
1268,1009621,Starbolt,9,6,6,1
1269,1010764,Stardust,2,2,2,1
1270,1011084,Starfox,38,15,41,1
1271,1011341,Starhawk (Stakar Ogord),29,2,48,0
1272,1011078,Starjammers,30,17,28,0
1273,1009622,Stark Industries,0,0,0,0
1274,1010828,Stature,32,13,30,3
1275,1010889,Steel Serpent (Davos),16,5,19,0
1276,1012230,Stegron,6,4,7,0
1277,1011159,Stellaris,2,1,4,0
1278,1009625,Stepford Cuckoos,43,14,44,5
1279,1009615,Stephanie de la Spiroza,0,0,0,0
1280,1010901,Stephen Strange,10,6,12,1
1281,1010326,Steve Rogers,43,25,40,1
1282,1009626,Stick,17,7,19,1
1283,1009627,Stilt-Man (Wibur Day),10,9,13,0
1284,1009628,Stingray (Walter Newell),33,15,35,2
1285,1010327,Stone Men,0,0,0,0
1286,1009629,Storm,859,221,998,30
1287,1010979,Storm (Age of Apocalypse),12,3,11,1
1288,1017309,Storm (Marvel Heroes),0,0,0,0
1289,1010978,Storm (Ultimate),65,13,118,0
1290,1011062,Stranger,7,6,5,0
1291,1011051,Strong Guy,66,14,72,2
1292,1009632,Stryfe,49,21,55,1
1293,1011225,Stryfe (Ultimate),0,0,0,0
1294,1010791,Sub-Mariner,565,175,790,14
1295,1009631,Sue Storm,40,16,59,1
1296,1011212,Sugar Man,4,2,4,1
1297,1009635,Sumo,3,1,4,0
1298,1009636,Sunfire,84,38,95,6
1299,1010981,Sunfire (Age of Apocalypse),7,3,6,1
1300,1009637,Sunset Bain,9,2,9,0
1301,1009638,Sunspot,204,62,227,12
1302,1015280,Super Hero Squad,16,5,30,0
1303,1011022,Super-Adaptoid,12,9,15,0
1304,1009639,Super-Skrull,31,22,35,3
1305,1011232,Supernaut,11,2,19,1
1306,1011160,Supreme Intelligence,15,6,17,0
1307,1010695,Surge,27,10,36,1
1308,1011477,Surtur,15,8,20,2
1309,1011172,Susan Delgado,0,0,0,0
1310,1011075,Swarm,2,2,2,0
1311,1011017,Sway,1,1,1,0
1312,1009640,Switch,4,1,5,0
1313,1017852,Sword Master (Sword Master),25,7,25,0
1314,1009641,Swordsman,60,25,56,4
1315,1010982,Swordsman (Jacques Duquesne),4,2,4,1
1316,1009642,Sym,2,1,3,0
1317,1009643,Synch,18,12,18,1
1318,1009644,T'Challa,8,5,7,0
1319,1011042,Tag,10,4,12,0
1320,1009646,Talisman (Elizabeth Twoyoungmen),10,2,10,1
1321,1010753,Talkback (Chase Stein),6,3,6,1
1322,1011395,Talon (Fraternity of Raptors),1,1,1,0
1323,1011161,Talos,1,1,1,1
1324,1011149,Tana Nile,6,2,6,1
1325,1010713,Tarantula (Luis Alvarez),6,3,7,1
1326,1011854,Tarantula (Maria Vasquez),2,1,2,0
1327,1009647,Tarot,5,2,6,0
1328,1009648,Taskmaster,107,46,128,6
1329,1011115,Tattoo,0,0,0,0
1330,1011896,Taurus (Cornelius van Lunt),1,1,1,0
1331,1013504,Technarchy,0,0,0,0
1332,1011000,Ted Forrester,0,0,0,0
1333,1009650,Tempest,23,13,26,2
1334,1011162,Tenebrous,2,1,2,1
1335,1009651,Terrax,28,19,29,1
1336,1011034,Terror,13,5,13,1
1337,1010819,Texas Twister,3,3,4,0
1338,1011003,Thaddeus Ross,12,1,23,0
1339,1009652,Thanos,282,135,309,8
1340,1015004,Thanos (Ultimate),5,2,7,0
1341,1011083,The 198,0,0,0,0
1342,1009653,The Anarchist,2,2,5,0
1343,1009654,The Call,0,0,0,0
1344,1010714,The Captain,0,0,0,0
1345,1012080,The Collector (Taneleer Tivan),22,18,24,0
1346,1011294,The Enforcers,2,2,3,0
1347,1010728,The Executioner,0,0,0,0
1348,1009655,The Fallen,0,0,0,0
1349,1011219,The Fury,1,1,1,0
1350,1010359,The Hand,42,23,53,4
1351,1010715,The Hood,40,13,42,3
1352,1011295,The Howling Commandos,4,2,4,0
1353,1014986,The Hunter,0,0,0,0
1354,1010998,The Initiative,18,2,24,2
1355,1017103,The Leader (HAS),0,0,0,0
1356,1011216,The Liberteens,1,1,2,1
1357,1011215,The Liberty Legion,0,0,0,0
1358,1011018,The Order,18,3,27,1
1359,1009656,The Phantom,0,0,0,0
1360,1009657,The Professor,6,2,5,0
1361,1011211,The Renegades,2,2,1,1
1362,1011110,The Santerians,0,0,0,0
1363,1009658,The Shiver Man,0,0,0,0
1364,1009659,The Spike,0,0,0,0
1365,1009660,The Stranger,11,9,7,1
1366,1011112,The Twelve,13,1,18,0
1367,1009661,The Watchers,16,10,17,1
1368,1011181,Thena,19,7,22,0
1369,1009662,Thing,947,238,1200,23
1370,1017313,Thing (Marvel Heroes),0,0,0,0
1371,1010983,Thing (Ultimate),49,19,62,0
1372,1009664,Thor,1826,532,2740,27
1373,1017576,Thor (Goddess of Thunder),57,30,57,3
1374,1017106,Thor (MAA),0,0,0,0
1375,1017315,Thor (Marvel Heroes),0,0,0,0
1376,1017328,Thor (Marvel War of Heroes),0,0,0,0
1377,1017302,Thor (Marvel: Avengers Alliance),0,0,0,0
1378,1011025,Thor (Ultimate),54,24,61,0
1379,1010820,Thor Girl,16,3,19,4
1380,1010885,Thunderball,14,10,13,1
1381,1009666,Thunderbird (John Proudstar),33,21,30,2
1382,1009667,Thunderbird (Neal Shaara),36,8,47,1
1383,1009668,Thunderbolt (Bill Carver),1,1,1,0
1384,1014812,Thunderbolt Ross,18,9,26,0
1385,1010360,Thunderbolts,282,46,427,11
1386,1011304,Thundra,16,11,20,2
1387,1009669,Tiger Shark,24,15,31,1
1388,1011237,Tiger's Beautiful Daughter,9,2,14,1
1389,1009670,Tigra (Greer Nelson),127,44,149,12
1390,1010857,Timeslip,0,0,0,0
1391,1011345,Tinkerer,14,10,12,1
1392,1011960,Tippy Toe,7,7,7,0
1393,1010669,Titania,46,23,54,1
1394,1009672,Titanium Man (Topolov),29,14,39,2
1395,1009673,Toad,47,30,41,3
1396,1009674,Toad Men,2,1,4,0
1397,1011166,Tomas,0,0,0,0
1398,1009675,Tombstone,46,21,56,0
1399,1010328,Tomorrow Man,11,3,19,0
1400,1009624,Tony Stark,46,28,58,4
1401,1011309,Toro (Thomas Raymond),33,16,31,2
1402,1009676,Toxin,8,3,13,0
1403,1009692,Toxin (Eddie Brock),68,28,81,2
1404,1010822,Trauma,19,2,25,4
1405,1011978,Trevor Fitzroy,3,1,5,0
1406,1010825,Triathlon,41,10,48,1
1407,1009671,Trish Tilby,0,0,0,0
1408,1010335,Triton,64,33,72,5
1409,1011352,True Believers,5,1,5,0
1410,1011047,Turbo,8,2,8,0
1411,1009678,Tusk,6,3,7,0
1412,1010852,Two-Gun Kid,135,7,459,0
1413,1009679,Tyger Tiger,6,5,6,0
1414,1010369,Typhoid Mary,44,19,55,2
1415,1009680,Tyrannus,14,8,12,0
1416,1011315,U-Foes,5,4,7,1
1417,1009681,U-Go Girl,14,2,24,0
1418,1009682,U.S. Agent,70,26,79,2
1419,1009683,Uatu The Watcher,77,37,101,3
1420,1010358,Ulik,41,12,50,1
1421,1016825,Ultimate Spider-Man (USM),19,8,19,0
1422,1010803,Ultimates,127,35,135,1
1423,1009684,Ultimatum,17,9,18,0
1424,1011311,Ultimo,7,3,12,0
1425,1011125,Ultra-Adaptoid,1,1,1,0
1426,1010847,Ultragirl (Earth-93060),1,1,1,0
1427,1009685,Ultron,116,53,130,6
1428,1009686,Umar,17,6,20,0
1429,1010862,Unicorn,7,3,12,1
1430,1010985,Union Jack (Brian Falsworth),4,3,4,0
1431,1010696,Union Jack (Joseph Chapman),27,13,27,0
1432,1010984,Union Jack (Montgomery Falsworth),19,4,18,0
1433,1009687,Unus,12,10,8,1
1434,1010987,Unus (Age of Apocalypse),1,1,1,1
1435,1010988,Unus (House of M),0,0,0,0
1436,1010986,Unus (Ultimate),0,0,0,0
1437,1009525,Valeria Richards,80,14,87,4
1438,1017841,Valkyrie (Exiles),12,1,12,0
1439,1010350,Valkyrie (Samantha Parrington),17,14,18,1
1440,1011239,Valkyrie (Ultimate),9,3,14,0
1441,1011182,Vampiro,0,0,0,0
1442,1011342,Vance Astro,31,3,52,0
1443,1010989,Vanisher (Age of Apocalypse),0,0,0,0
1444,1011365,Vanisher (Telford Porter),12,4,13,2
1445,1009689,Vanisher (Ultimate),3,3,2,0
1446,1011316,Vapor,0,0,0,0
1447,1009690,Vargas,15,3,19,0
1448,1010872,Vector,0,0,0,0
1449,1011231,Veda,11,2,20,1
1450,1009691,Vengeance (Michael Badilino),37,4,60,1
1451,1009663,Venom (Flash Thompson),118,30,125,1
1452,1010788,Venom (Mac Gargan),24,11,25,5
1453,1011128,Venom (Ultimate),8,6,7,0
1454,1011106,Venus (Siren),8,5,9,2
1455,1009693,Venus Dee Milo,10,3,14,0
1456,1010353,Vermin (Edward Whelan),15,6,19,2
1457,1009694,Vertigo (Savage Land Mutate),28,15,25,3
1458,1011066,Victor Mancha,9,7,8,0
1459,1010324,Victor Von Doom,39,22,45,0
1460,1011261,Vin Gonzales,4,1,4,0
1461,1009695,Vindicator,30,11,34,2
1462,1010666,Violations,0,0,0,0
1463,1009696,Viper,48,22,46,1
1464,1010697,Virginia Dare,7,1,7,0
1465,1009697,Vision,556,164,632,15
1466,1009698,Vivisector,16,4,20,0
1467,1011011,Vulcan (Gabriel Summers),23,11,20,1
1468,1009699,Vulture (Adrian Toomes),97,47,104,1
1469,1010990,Vulture (Blackie Drago),1,1,1,0
1470,1010849,Wallflower,10,1,19,0
1471,1011267,Wallop,0,0,0,0
1472,1009700,Wallow,0,0,0,0
1473,1009701,War (Abraham Kieros),13,5,13,2
1474,1017322,War Machine (Iron Man 3 - The Official Game),0,0,0,0
1475,1017834,War Machine (James Rhodes),92,24,110,4
1476,1017304,War Machine (Marvel: Avengers Alliance),0,0,0,0
1477,1010991,War Machine (Parnell Jacobs),1,1,1,0
1478,1011226,War Machine (Ultimate),3,2,3,1
1479,1009703,Warbird,31,9,33,3
1480,1011121,Warbound,5,2,5,0
1481,1010372,Warhawk (Mitchell Tanner),8,7,8,0
1482,1009704,Warlock (Janie Chin),0,0,0,0
1483,1011287,Warlock (Technarchy),28,11,36,3
1484,1009705,Warpath,215,45,257,5
1485,1010668,Warren Worthington III,6,2,6,0
1486,1009706,Warstar,9,6,5,1
1487,1009707,Wasp,414,161,471,14
1488,1010992,Wasp (Ultimate),28,12,35,0
1489,1017853,Wave (Wave),15,3,15,0
1490,1011133,Weapon Omega,9,5,10,1
1491,1009709,Weapon X,46,19,48,1
1492,1011402,Wendell Rand,6,1,6,0
1493,1010742,Wendell Vaughn,0,0,0,0
1494,1009710,Wendigo,22,10,28,0
1495,1010765,Werewolf By Night,90,30,103,0
1496,1011588,Whiplash (Anton Vanko),5,3,5,0
1497,1009711,Whiplash (Mark Scarlotti),11,6,14,0
1498,1010348,Whirlwind,33,21,33,1
1499,1010342,Whistler,0,0,0,0
1500,1009712,White Queen (Adrienne Frost),0,0,0,0
1501,1010853,White Tiger (Angela Del Toro),51,12,54,5
1502,1016838,White Tiger (USM),0,0,0,0
1503,1011425,Whizzer (Stanley Stewart),2,1,2,0
1504,1009714,Wiccan,68,34,68,4
1505,1009715,Wild Child,49,17,48,1
1506,1010994,Wild Child (Age of Apocalypse),8,3,7,1
1507,1011067,Wild Pack,8,4,7,0
1508,1009716,Wildside,19,6,19,0
1509,1009633,William Stryker,11,5,15,0
1510,1010680,Wilson Fisk,0,0,0,0
1511,1011009,Wind Dancer,15,2,30,1
1512,1010740,Winter Soldier,216,106,232,11
1513,1011043,Wither,10,2,15,0
1514,1011290,Wolf Cub,0,0,0,0
1515,1011281,Wolfpack,14,4,14,0
1516,1009717,Wolfsbane,136,35,163,6
1517,1010995,Wolfsbane (Age of Apocalypse),1,1,1,0
1518,1010729,Wolver-dok,0,0,0,0
1519,1009718,Wolverine,2569,696,3577,42
1520,1017297,Wolverine (LEGO Marvel Super Heroes),0,0,0,0
1521,1017325,Wolverine (Marvel War of Heroes),0,0,0,0
1522,1011006,Wolverine (Ultimate),98,26,144,0
1523,1017479,Wolverine (X-Men: Battle of the Atom),0,0,0,0
1524,1009719,Wonder Man,260,92,314,8
1525,1009720,Wong,99,34,108,3
1526,1015005,Wong (Ultimate),3,2,2,0
1527,1010737,Wraith,14,8,16,2
1528,1010884,Wrecker,12,9,14,1
1529,1010883,Wrecking Crew,15,10,16,1
1530,1009722,X-23,229,62,244,5
1531,1010804,X-51,0,0,0,0
1532,1011418,X-Babies,14,6,14,0
1533,1009723,X-Cutioner,4,4,5,0
1534,1010738,X-Factor,215,43,271,10
1535,1010739,X-Factor Investigations,14,1,27,0
1536,1009724,X-Force,330,48,541,8
1537,1009725,X-Man,110,31,184,5
1538,1009726,X-Men,3626,897,5300,42
1539,1011109,X-Men (Ultimate),186,27,309,0
1540,1010875,X-Ray (James Darnell),0,0,0,0
1541,1010806,X-Statix,46,10,55,1
1542,1009732,X.S.E.,0,0,0,0
1543,1011094,Xavin,2,2,2,0
1544,1009734,Xorn (Kuan-Yin Xorn),22,11,27,1
1545,1009736,Yellow Claw,26,11,31,0
1546,1009737,Yellowjacket (Hank Pym),89,24,91,6
1547,1010996,Yellowjacket (Rita DeMara),9,4,9,1
1548,1011542,Yondu,48,11,70,1
1549,1010698,Young Avengers,78,25,81,4
1550,1011277,Young X-Men,18,2,26,0
1551,1009738,Zaladane,15,11,11,1
1552,1010841,Zaran,19,4,30,1
1553,1010716,Zarda,3,3,2,0
1554,1011163,Zarek,0,0,0,0
1555,1009739,Zeigeist,0,0,0,0
1556,1010780,Zemo,15,9,12,1
1557,1011515,Zeus,36,13,43,0
1558,1011127,Zodiak,1,1,1,0
1559,1009741,Zombie (Simon Garth),1,1,1,0
1560,1011183,Zuras,3,3,3,0
1561,1009742,Zzzax,5,4,6,0
